platform,handle,name,why_tracked,source
x,shannholmberg,Shann Holmberg,full profile study: 52 items in 35 days and the vehicles taken from it,research/profile-studies/shannholmberg-2026-09-15-analysis.md
x,coreyganim,Corey Ganim,outlier X article (170K views) saved whole,research/outlier-x-articles/02-first-ai-consulting-retainer.md
x,denk_tweets,[NEEDS: name],outlier X article saved for the cover and the title,research/outlier-x-articles/01-saaspocalypse-is-overblown.md
x,knoxtwts,[NEEDS: name],X article cover saved to the cover library,research/outlier-x-articles/README.md
x,Ecombos_Ai,[NEEDS: name],X article cover saved to the cover library,research/outlier-x-articles/README.md
x,Aidanb2b,[NEEDS: name],X article cover saved to the cover library,research/outlier-x-articles/README.md
x,immortalhowwl,[NEEDS: name],X article cover saved to the cover library,research/outlier-x-articles/README.md
x,Nicolascole77,Nicolas Cole,named in the outlier-article Loom as good at X articles,research/transcripts/maurojpelle/2026-08-28-how-to-save-outlier-x-articles-loom.md
x,paolo_scales,Paolo Trivellato,LinkedIn content agency owner; consult playbook; top reply room,research/paolo-trivellato/linkedin-playbook-2026-09-24.md
linkedin,[NEEDS: handle],Eugenio Sabal,best LinkedIn case Paolo named; runs comment-for-access lead magnets,research/paolo-trivellato/linkedin-playbook-2026-09-24.md
x,wizofecom,Wiz of Ecom,paid consult; the weekly content loop is adapted from his control panel,research/wiz-of-ecom/synthesis.md; skills/ops/content-loop.md
x,jkmolina_,JK Molina,16 PDFs studied (offers and lead magnets); NOT ADOPTED material,research/jk-molina/README.md
youtube,charliemofficial,Charlie Morgan,top 10 videos by views dug for agency-owner titles and thumbnails,research/charlie-morgan/charlie-morgan-dig.md
