Status,Name,Profile URL,Followers,Last post,Recent post cadence,What they do,Source
QUALIFIES,Javeriya A.,https://www.linkedin.com/in/javeriyaahsan-brandingstrategist,53489,1d,"1d, 3d, 3d","Making AI/automation/no-code easier to adopt. 70+ brand collaborations. Marketing growth strategist",Paolo 3d post (5 comments)
QUALIFIES,James Smith,https://www.linkedin.com/in/jamessmith-ai,31242,19h,"19h, 2d","Enterprise AI Consultant. Data into governed actionable intelligence",Paolo 2w post (76 comments)
QUALIFIES,Vasilije Simic,https://www.linkedin.com/in/vasilijesimic,17398,22h,"22h, 4d, 5d, 1w, 1w","Agencies & SaaS: turn LinkedIn into a 20+ calls/month acquisition channel",Paolo 2w post (26 comments)
QUALIFIES,Conrad Niedzielski,https://www.linkedin.com/in/conrad-niedzielski,14352,23h,"23h, 2d, 4d, 4d, 6d","Cold email inbox deliverability. Cofounder @ Peeker.ai",Paolo 2w post (26 comments)
QUALIFIES,Manleen Kaur,https://www.linkedin.com/in/manleenkaurpersonalbrandstrategist,12117,5h,"5h, 1w, 1w, 1w","Turns content + outreach into qualified sales calls and brand authority",Paolo 2w post (26 comments)
QUALIFIES,Baz Furby,https://www.linkedin.com/in/bazfurby,10567,3h,"3h, 1d, 4d, 4d, 5d","Founder @ Ghost. Warm LinkedIn + email outbound for B2B founders",Paolo 2w post (76 comments)
QUALIFIES (check),Ada Smile Josiah,https://www.linkedin.com/in/ada-smile-josiah-ghostwriter,10207,5h,"1 own post in last 24h, feed is mostly comments","Ghostwriter. 100+ ebooks and newsletters, lead magnets",Paolo 3w post (17 comments)
NEAR MISS - over 60K,Rob Hoffman,https://www.linkedin.com/in/rob-hoffman-ceo,82719,17h,"17h, 6d, 1w","Founder/CEO Contact.so. AI Search SEO, 223+ companies helped",Paolo 1w post (11 comments)
NEAR MISS - over 60K,Aram Mughalyan,https://www.linkedin.com/in/arammughalyan,69630,1h,"1h, 1d, 2d, 3d","AI sales and marketing systems for B2B firms",Paolo 1d post (38 comments)
NEAR MISS - under 10K,Andre Nogueira,https://www.linkedin.com/in/andrenogueira3,9568,1mo,"monthly","Ghostwriter. 1M+ followers and $10.2M in sales generated for clients",Paolo 2w post (76 comments)
NEAR MISS - under 10K,Dexter Ng,https://www.linkedin.com/in/dexterng,9301,1mo,"monthly","AI automation for Singapore SMEs. CTO @ VYR WORK",Paolo 2w post (76 comments)
NEAR MISS - under 10K,Ranjan Singhania,https://www.linkedin.com/in/ranjan-singhania-2b99ab212,8632,1w,"1w, 2w, 3w","Authority marketing for legal tech companies",Paolo 2w post (76 comments)
NEAR MISS - under 10K,Kaloyan Anastasov,https://www.linkedin.com/in/kaloyan-anastasov,8243,2d,"2d, 4d, 1w","AI agencies and B2B consultancies: LinkedIn + outreach done-for-you",Paolo 2w post (26 comments)
OUT - Eugenio sample,Akram Saad,https://www.linkedin.com/in/akramsaad,9563,1mo,"monthly","Founder & CPO at NEXUS. Executive learning architect",Eugenio 77-comment post
OUT - Eugenio sample,Ismayil Orujov,https://www.linkedin.com/in/orujovismayil,7144,4d,"4d, 1w, 3w, 3w","Founder at Animatewave. AI video production and motion graphics for brands",Eugenio 138-comment post
OUT - Eugenio sample,Santi Hynonen,https://www.linkedin.com/in/santifox,2981,1mo,"monthly, mostly comments","Creative Director. Brand & Gen AI production (K-Swiss, TBWA, Samsung)",Eugenio 138-comment post
OUT - Eugenio sample,Bart Bleeker,https://www.linkedin.com/in/bartbleeker,2132,4h,"4h, 5d, 1w, 1w","Consultant to founders of B2B service firms, 10-50 FTE (NL)",Eugenio 138-comment post
OUT - Eugenio sample,Steffen Dietz,https://www.linkedin.com/in/steffen-dietz-88683ba6,1833,1yr,"dormant","Over 1.1M/month spend on Meta. Performance marketing strategy",Eugenio 138-comment post
OUT - Eugenio sample,Simon Kreutz,https://www.linkedin.com/in/simonkreutz,1508,7yr,"dormant","Founder agents42. AI agents for Shopify merchants",Eugenio 77-comment post
OUT - Eugenio sample,Reinis Amolins,https://www.linkedin.com/in/reinis-amolins,534,none,"no posts","Founder at Cadet. Marketing, new business, creative production",Eugenio 138-comment post
OUT - Eugenio sample,Evan Israel Brenner,https://www.linkedin.com/in/evanisraelbrenner,164,2mo,"monthly","Head of AI Strategy Signal Brands. Founder, Eyedea Labs",Eugenio 77-comment post
